{
  "emps": [
    {
      "empId": "4444",
      "empName": "Abhi",
      "empSal": "4",
      "isMarried": false,
      "id": 1
    },
    {
      "empId": "45565",
      "empName": "aaa",
      "empSal": "789",
      "isMarried": true,
      "id": 2
    },
    {
      "empId": "900",
      "empName": "Lavi",
      "empSal": "900",
      "isMarried": true,
      "id": 3
    },
    {
      "empId": "78677",
      "empName": "Sunder",
      "empSal": "8999",
      "isMarried": true,
      "id": 4
    },
    {
      "empId": "112081",
      "empName": "Balachandra",
      "empSal": "900.0",
      "isMarried": false,
      "id": 5
    },
    {
      "empId": "777887",
      "empName": "Vaishali",
      "empSal": "777",
      "isMarried": true,
      "id": 6
    },
    {
      "empId": "900",
      "empName": "Lakshman",
      "empSal": "9000.0",
      "isMarried": true,
      "id": 7
    },
    {
      "empId": "678",
      "empName": "dattab",
      "empSal": "100000",
      "isMarried": true,
      "id": 8
    },
    {
      "empId": "46050297",
      "empName": "sowmi",
      "empSal": "100000",
      "isMarried": true,
      "id": 9
    }
  ]
}